<?xml version="1.0" encoding="UTF-8"?>
<beans xmlns="http://www.springframework.org/schema/beans"
	xmlns:xsi="http://www.w3.org/2001/XMLSchema-instance"
	xsi:schemaLocation="http://www.springframework.org/schema/beans http://www.springframework.org/schema/beans/spring-beans-3.0.xsd">


	<bean id="approvalParent" abstract="true" class="freedays.domain.ApprovalStrategy">
		<property name="succesor"><null /></property>
	 </bean>

	<bean class="freedays.app.AppStrategLTop" id="leveltop" parent="approvalParent" />

	<bean class="freedays.app.AppStrategL1" id="level1"  parent="approvalParent" primary="true" autowire-candidate="true" >
		<property name="succesor" ref="leveltop" />
	</bean>

</beans>
