<?xml version="1.0" encoding="UTF-8"?>

<beans:beans xmlns="http://www.springframework.org/schema/security"
    xmlns:beans="http://www.springframework.org/schema/beans"
    xmlns:xsi="http://www.w3.org/2001/XMLSchema-instance"
    xsi:schemaLocation="http://www.springframework.org/schema/beans http://www.springframework.org/schema/beans/spring-beans-3.0.xsd
                        http://www.springframework.org/schema/security http://www.springframework.org/schema/security/spring-security-3.0.xsd">

	<!-- HTTP security configurations -->
    <http auto-config="true" use-expressions="true">
    	<form-login login-processing-url="/resources/j_spring_security_check" login-page="/login" authentication-failure-url="/login?login_error=t"/>
        <logout logout-url="/resources/j_spring_security_logout"/>
        
        <!-- Configure these elements to secure URIs in your application -->
        <!--  <intercept-url pattern="/pizzas/**" access="hasRole('ROLE_ADMIN')"/>
   		<intercept-url pattern="/toppings/**" access="hasRole('ROLE_ADMIN')"/>
   		<intercept-url pattern="/bases/**" access="hasRole('ROLE_ADMIN')"/>-->
        <intercept-url pattern="/choices/**" access="hasRole('ROLE_ADMIN')"/>
        <intercept-url pattern="/member/**" access="isAuthenticated()" />
        <intercept-url pattern="/static/**" access="permitAll" />
        <intercept-url pattern="/resources/**" access="permitAll" />
        <intercept-url pattern="/**" access="permitAll" />
    </http>

	<!-- Configure Authentication mechanism -->
    <authentication-manager alias="authenticationManager">
    	<!-- SHA-256 values can be produced using 'echo -n your_desired_password | sha256sum' (using normal *nix environments) -->
    	<authentication-provider>
	    	<password-encoder hash="sha-256"/>
	        <user-service>
	            <user name="admin" password="8c6976e5b5410415bde908bd4dee15dfb167a9c873fc4bb8a81f6f2ab448a918" authorities="ROLE_ADMIN"/>
		        <user name="user" password="04f8996da763b7a969b1028ee3007569eaf3a635486ddab211d512c85b9df8fb" authorities="ROLE_USER"/>
		    </user-service>
    	</authentication-provider>
	</authentication-manager>

</beans:beans>